NOMBRE,Nit,02.Ultimo Contrato (Recencia),02. R Value (Recencia),03.F value (Frequencia),03.M Value (Valor Monetario),01.Visitas Completadas,Fact Total,02. Contratos Nuevos,Equipos Activos,01.Meses Activo,Sector,Tamaño,DiasPago,Productosadquiridos,length factor
Aligo Defensores Informáticos S.A.S,900284772-0,2025-05-13,20.0,59.0,237297.0,23.0,2557469368.0,14000512.0,24.0,125,SERVICIOS,70,36.51292517006803,4.0,3772.0
Tecnas S.A. Bic,800011002-4,2025-05-21,12.0,147.0,761994.0,21.0,14643372667.0,112013073.0,301.0,125,ALIMENTOS,602,50.85278934221482,4.0,3757.0
Enfoque Agencia Promotora De Seguros Ltda,900105212-1,2025-04-14,49.0,60.0,350785.0,10.0,801466497.0,21047128.0,31.0,125,SERVICIOS,51,16.948267030903192,4.0,3742.0
Empresa Para La Seguridad Y Soluciones Urbanas - Esu,890984761-8,2025-05-16,17.0,89.0,2461501.0,112.0,11589912295.0,219073556.0,72.0,125,SERVICIOS,230,23.31798916882505,3.0,3713.0
Emtelco S.A.S,800237456-5,2025-05-21,12.0,739.0,571519.0,95.0,46845601610.0,422352243.0,1867.0,125,SERVICIOS,13867,52.710196272065176,3.0,3705.0
Fenalco Antioquia,890901481-5,2025-03-10,84.0,22.0,650095.0,28.0,1224725287.0,14302097.0,43.0,125,SERVICIOS,263,41.09107358262968,4.0,3658.0
Contreebute S.A.S.,900281430-3,2025-01-21,132.0,61.0,369432.0,5.0,921189482.0,22535354.0,109.0,125,SERVICIOS,109,44.63773675377608,3.0,3654.0
Corporacion Marymount De Medellin,890985730-4,2025-03-04,90.0,32.0,1038195.0,35.0,1048492246.0,33222229.0,121.0,122,EDUCACION,371,37.53591160220994,3.0,3626.0
Servibarras S.A.S.,800219290-3,2025-05-28,5.0,26.0,161895.0,31.0,404951209.0,4209274.0,9.0,125,SERVICIOS,117,67.73376623376623,4.0,3624.0
Laboratorio Profesional Farmaceutico S.A,890902165-7,2025-05-27,6.0,230.0,432045.0,50.0,9492847991.0,99370450.0,307.0,119,SERVICIOS,537,43.58632832729156,4.0,3611.0
Karibik S.A.S,900068476-1,2024-11-15,199.0,175.0,277625.0,20.0,1116076657.0,48584391.0,4.0,125,TEXTIL,89,46.4078313253012,4.0,3570.0
Arredondo Madrid Ingenieros Civiles S.A.S. (Aim S.A.S.),890929122-8,2024-12-19,165.0,8.0,119291.0,5.0,133084442.0,954331.0,2.0,125,CONSTRUCCION,92,77.16315789473684,3.0,3510.0
Conaltura Construccion Y Vivienda S.A.S,811020804-2,2025-05-16,17.0,349.0,229482.0,30.0,9521904504.0,80089190.0,188.0,116,CONSTRUCCION,836,65.35677996422183,4.0,3493.0
Linea Adhesiva Sas Bic,811013715-6,2025-03-13,81.0,28.0,202112.0,15.0,266601283.0,5659124.0,38.0,125,INDUSTRIA,77,35.603868797308664,3.0,3488.0
Universidad Ces,890984002-6,2025-05-13,20.0,22.0,1273257.0,11.0,874503488.0,28011647.0,194.0,125,EDUCACION,1434,85.46516393442623,4.0,3478.0
Hybrytec S.A.S.,900181969-1,2025-05-19,14.0,226.0,230838.0,113.0,1379043274.0,52169405.0,125.0,125,INDUSTRIA,152,39.95540201005025,4.0,3420.0
Perez Y Cardona S.A.S.,890912426-7,2024-09-13,262.0,10.0,166228.0,3.0,277399931.0,1662277.0,1.0,119,COMERCIAL,111,30.024122807017545,3.0,3362.0
Choucair Cardenas Testing S.A.,811020576-8,2025-05-12,21.0,178.0,537735.0,38.0,3071698115.0,95716860.0,406.0,125,SERVICIOS,1126,28.3989841986456,4.0,3359.0
Electronica Industrial Colombiana Group S.A.S,890316586-0,2025-04-30,33.0,61.0,283176.0,28.0,657218791.0,17273718.0,44.0,121,SERVICIOS,121,36.05368222282169,3.0,3340.0
Doricolor - Indulit S.A.S,800012778-5,2024-07-15,322.0,16.0,510208.0,19.0,402620879.0,8163328.0,5.0,119,COMERCIAL,90,39.55917874396136,3.0,3293.0
Almacenes Exito S A,890900608-9,2024-03-01,458.0,119.0,503900.0,18.0,1402574312.0,59964156.0,0.0,123,COMERCIAL,2500,50.55139230139231,3.0,3284.0
Universidad Eafit,890901389-5,2025-05-23,10.0,42.0,1038739.0,33.0,1899094984.0,43627019.0,62.0,123,EDUCACION,1262,33.77633477633478,3.0,3237.0
Universidad De Antioquia,890980040-8,2025-05-27,6.0,65.0,1144246.0,40.0,2108794081.0,74376018.0,25.0,106,EDUCACION,9025,46.15501398322014,3.0,3221.0
Galvaceros S.A.,811005390-2,2025-02-18,104.0,39.0,337599.0,27.0,325106437.0,13166345.0,15.0,110,CONSTRUCCION,70,30.726332537788384,4.0,3220.0
Multienlace S.A.S,811008963-6,2025-05-23,10.0,52.0,1604320.0,12.0,592287088.0,83424660.0,160.0,125,SERVICIOS,2760,87.02007528230865,3.0,3209.0
Camara De Comercio De Medellin Para Antioquia,890905080-3,2023-11-29,551.0,103.0,1414319.0,25.0,1383333063.0,145674840.0,0.0,124,SERVICIOS,600,23.01106410673609,3.0,3204.0
Marrocar S.A.S.,890921157-9,2023-08-08,664.0,17.0,1116294.0,17.0,1720257883.0,18977002.0,0.0,125,TEXTIL,410,48.2123745819398,3.0,3134.0
La S.A Sociedad De Apoyo Aeronautico S.A,800139545-2,2025-04-10,53.0,72.0,447676.0,11.0,788825970.0,32232692.0,29.0,103,SERVICIOS,1129,38.19211267605634,3.0,3075.0
Industrias Medicas Sampedro S.A.S,811032919-2,2025-03-10,84.0,20.0,434832.0,8.0,402570002.0,8696638.0,14.0,103,INDUSTRIA,134,31.82444733420026,4.0,3052.0
Stop S.A.S,890911898-5,2023-06-16,717.0,19.0,688226.0,18.0,377076448.0,13076294.0,2.0,124,TEXTIL,782,31.79904306220096,3.0,3032.0
Unico Interior S.A.S,811007707-2,2024-09-24,251.0,37.0,250811.0,15.0,226550104.0,9280003.0,16.0,108,TEXTIL,66,42.48026948989413,3.0,3031.0
Bouquet Aromas Y Fragancias S.A.S,900457919-1,2025-05-27,6.0,16.0,275337.0,4.0,140573146.0,4405398.0,17.0,100,INDUSTRIA,82,27.29310344827586,3.0,3025.0
Summan S.A.S.,800093532-7,2024-08-09,297.0,6.0,176335.0,11.0,31087000.0,1058008.0,2.0,109,SERVICIOS,62,20.76086956521739,3.0,3013.0
Graficas Diamante S.A.S.,890908857-2,2024-11-22,192.0,8.0,179387.0,5.0,175538723.0,1435096.0,5.0,125,SERVICIOS,35,45.09147095179234,4.0,3007.0
Importadora Celeste S.A,800004800-6,2024-02-14,474.0,21.0,868832.0,11.0,2478128796.0,18245466.0,128.0,124,COMERCIAL,600,43.45695792880259,3.0,2975.0
Igga Sas,900536270-8,2025-05-09,24.0,100.0,439128.0,19.0,1464727457.0,43912835.0,134.0,120,SERVICIOS,234,43.760467587672686,2.0,2906.0
E+ Ingenieria S.A.S,900621122-1,2024-08-26,280.0,21.0,492481.0,17.0,572958861.0,10342103.0,24.0,104,CONSTRUCCION,64,29.046736502820306,2.0,2890.0
Industrial De Alimentos Florez Y Cia S.A.S,890931484-5,2025-05-27,6.0,31.0,275048.0,11.0,745088459.0,8526499.0,36.0,95,ALIMENTOS,86,36.84111895708854,3.0,2871.0
Fundacion Hospitalaria San Vicente De Paul,890900518-4,2023-10-23,588.0,15.0,214774.0,15.0,100687759.0,3221606.0,0.0,123,SALUD,1000,54.78228782287823,3.0,2868.0
Optima S.A.S Vivienda Y Construccion,890917007-7,2025-03-05,89.0,3.0,387607.0,8.0,11496917.0,1162821.0,0.0,97,CONSTRUCCION,250,38.885714285714286,2.0,2868.0
E- Systems S.A.S,811039154-7,2023-02-14,839.0,17.0,177941.0,2.0,69173010.0,3025000.0,3.0,122,SERVICIOS,23,72.63492063492063,3.0,2862.0
Fundacion Universitaria Catolica Del Norte,811010001-2,2025-05-21,12.0,59.0,1987232.0,34.0,4223315997.0,117246706.0,388.0,106,EDUCACION,738,48.873325892857146,4.0,2785.0
El Colombiano S.A.S.,890901352-3,2024-01-22,497.0,66.0,226006.0,13.0,664503347.0,14916411.0,0.0,124,VARIOS,470,51.78849940921623,3.0,2754.0
Ciclotron Colombia S.A.S,900353523-1,2023-03-17,808.0,8.0,700483.0,9.0,583977443.0,5603865.0,0.0,117,SALUD,35,41.16509837467921,4.0,2730.0
Comercializadora Internacional Eslop S.A.S,901019586-6,2025-05-27,6.0,26.0,485173.0,19.0,102392943.0,12614499.0,47.0,90,COMERCIAL,102,24.575562700964632,3.0,2720.0
Tecnologia Alimentaria S.A.S Bic,800027374-9,2025-05-08,25.0,88.0,426460.0,54.0,3740664470.0,37528521.0,245.0,90,COMERCIAL,525,47.72451486121346,4.0,2705.0
Soportica S.A.S. Bic,811002867-1,2024-05-01,397.0,67.0,428859.0,12.0,778676554.0,28733545.0,63.0,102,SERVICIOS,183,41.75111111111111,4.0,2682.0
Weg Colombia S.A.S,830128434-5,2023-03-22,803.0,24.0,367444.0,3.0,380548219.0,8818653.0,0.0,75,COMERCIAL,55,30.80091416962925,3.0,2682.0
Sedic S.A.,890910447-2,2023-01-06,878.0,31.0,534409.0,10.0,1280510357.0,16566674.0,22.0,125,SERVICIOS,297,83.2247912652537,4.0,2681.0
Hogar Y Moda S.A.S,900255181-4,2025-03-03,91.0,147.0,677899.0,23.0,5851875780.0,99651200.0,433.0,91,COMERCIAL,833,71.63612618042998,4.0,2678.0
Ingenieria Especializada S.A,800068234-1,2024-07-19,318.0,2.0,121781.0,12.0,1139394893.0,243561.0,0.0,122,INDUSTRIA,110,79.99532710280374,2.0,2675.0
Corporacion Parque Explora,900145472-0,2025-05-22,11.0,26.0,475808.0,7.0,76182530.0,12371008.0,25.0,88,SERVICIOS,145,31.463414634146343,3.0,2652.0
Renault Sociedad De Fabricacion De Automotores S.A.S,860025792-3,2025-02-19,103.0,14.0,1381905.0,6.0,93911979.0,19346671.0,0.0,91,INDUSTRIA,1280,76.26027397260275,2.0,2652.0
Fondo De Empleados Feisa,860035559-6,2024-11-21,193.0,24.0,456876.0,8.0,623272694.0,10965030.0,5.0,94,SERVICIOS,60,32.20723684210526,3.0,2645.0
C.I. Distrihogar S.A.S,800186656-1,2022-11-29,916.0,24.0,219698.0,64.0,618982833.0,5272759.0,0.0,125,COMERCIAL,150,41.659574468085104,4.0,2638.0
Acrecer S.A.S.,890924789-7,2025-05-28,5.0,67.0,180035.0,28.0,327434817.0,12062313.0,65.0,86,SERVICIOS,100,32.03971962616822,3.0,2611.0
Internexa S.A,811021654-9,2024-09-05,270.0,16.0,852373.0,10.0,701332643.0,13637965.0,0.0,95,INDUSTRIA,260,49.486217457886674,3.0,2603.0
Maper S.A.S,890929497-4,2023-09-28,613.0,48.0,139573.0,14.0,476448563.0,6699523.0,21.0,124,INDUSTRIA,126,44.24505208333333,3.0,2592.0
Quarta Acompañamiento De Negocios S.A.S.,900737936-7,2024-11-05,209.0,21.0,187776.0,5.0,105640335.0,3943302.0,10.0,91,SERVICIOS,19,33.476758045292016,3.0,2560.0
Sumimedical S.A.S,900033371-4,2025-05-14,19.0,218.0,461368.0,34.0,7736005801.0,100578144.0,662.0,85,SALUD,749,57.75535181421096,3.0,2550.0
Infraestructura Digital S.A.S,900422798-4,2024-04-16,412.0,29.0,132902.0,6.0,66344934.0,3854146.0,4.0,97,SERVICIOS,32,37.65608465608466,3.0,2520.0
Aprocom Siglo Xxi S.A.S,900682346-3,2024-05-03,395.0,7.0,542572.0,16.0,127108657.0,3798005.0,9.0,96,SERVICIOS,16,19.969267139479907,3.0,2509.0
Distraves S.A.S,890205142-8,2024-04-06,422.0,114.0,420495.0,18.0,1823742999.0,47936387.0,0.0,85,ALIMENTOS,450,34.369077727196085,4.0,2502.0
Complarketing Sas,900422177-0,2025-05-20,13.0,264.0,204302.0,18.0,708606720.0,53935668.0,41.0,83,SERVICIOS,40,32.87255792821445,2.0,2497.0
New World Company S.A.S,901037954-1,2025-03-07,87.0,34.0,229999.0,5.0,279979746.0,7819970.0,34.0,85,SERVICIOS,164,52.78672632363907,3.0,2494.0
Grupo Quatio Sas,900982505-5,2023-04-12,782.0,16.0,202869.0,2.0,22462068.0,3245900.0,1.0,107,SERVICIOS,1,22.142857142857142,2.0,2469.0
Call Center Mall S.A.S,900789545-3,2025-04-01,62.0,112.0,262899.0,37.0,687426013.0,29444675.0,122.0,83,SERVICIOS,159,33.799083619702174,3.0,2458.0
Ingenieria Tecnologia E Instrumentacion S.A.,811041313-8,2023-10-20,591.0,11.0,213277.0,22.0,504883756.0,2346044.0,0.0,124,SERVICIOS,74,58.69047619047619,4.0,2437.0
Antioquia Gold Ltd,900217771-8,2025-04-04,59.0,105.0,368905.0,33.0,5877273159.0,38735044.0,66.0,82,INDUSTRIA,666,45.26620071927801,4.0,2429.0
Rymel Ingenieria Electrica S.A.S,890919437-1,2021-09-24,1347.0,11.0,349433.0,54.0,1946389928.0,3843760.0,0.0,125,INDUSTRIA,100,35.73349875930521,4.0,2425.0
Finaipro Technologies S.A.S.,900038708-5,2025-03-10,84.0,114.0,232094.0,42.0,397063009.0,26458679.0,54.0,83,SERVICIOS,54,31.736279401282964,3.0,2414.0
Comercializadora Inducascos S.A.S,900129117-3,2023-05-04,760.0,15.0,171867.0,124.0,6677280882.0,2578007.0,0.0,104,COMERCIAL,190,39.4436090225564,4.0,2383.0
Compañia Colombiana De Consultores  S.A.S,890908097-1,2024-05-06,392.0,6.0,251305.0,14.0,222674422.0,1507830.0,3.0,125,SERVICIOS,73,65.43696450428396,4.0,2380.0
Consorcio Valorar Tf Auditores,901347985-8,2025-05-20,13.0,81.0,287241.0,18.0,659363373.0,23266507.0,75.0,63,SERVICIOS,375,42.17215189873418,2.0,2377.0
Piloto S.A.S,890927158-3,2025-04-28,35.0,23.0,185403.0,19.0,402226755.0,4264277.0,12.0,125,INDUSTRIA,47,33.215644820295985,4.0,2371.0
Contento Bps S.A,811021864-9,2021-12-07,1273.0,11.0,1278903.0,9.0,513900592.0,14067934.0,2.0,125,SERVICIOS,1152,55.68557213930348,3.0,2364.0
Portex Cargo S.A.S,901156962-9,2024-08-14,292.0,42.0,182952.0,23.0,331602051.0,7683998.0,17.0,88,SERVICIOS,27,35.46813996316759,4.0,2361.0
Reposterias Tdg S.A.S,811013096-5,2025-02-17,105.0,20.0,712372.0,32.0,606788763.0,14247436.0,61.0,81,ALIMENTOS,131,35.39227053140097,4.0,2358.0
Konfirma S.A.S,900396868-1,2025-01-29,124.0,34.0,233513.0,9.0,511382877.0,7939440.0,0.0,89,SERVICIOS,112,60.23286290322581,3.0,2343.0
Corrugados Del Darien S.A.S,800019437-0,2025-05-12,21.0,26.0,439570.0,13.0,837782308.0,11428810.0,77.0,77,INDUSTRIA,227,33.531333690412424,4.0,2306.0
Cfs Logistics Llc (Sucursal De Sociedad Extranjera),860008820-1,2025-05-12,21.0,30.0,249078.0,5.0,617306192.0,7472338.0,47.0,76,SERVICIOS,197,31.43611248149975,3.0,2281.0
Consorcio Gerencia Tunel Del Toyo,900920878-1,2024-06-17,350.0,7.0,239033.0,16.0,630755769.0,1673231.0,7.0,99,CONSTRUCCION,157,37.630173564753,4.0,2267.0
Consorcio Interventoria Ingesed,901078257-1,2024-08-05,301.0,15.0,319805.0,4.0,195507938.0,4797080.0,0.0,85,CONSTRUCCION,100,46.4524236983842,3.0,2251.0
Comercializadora De Prendas Textiles S.A.S,900163080-3,2024-01-31,488.0,42.0,661038.0,7.0,1512072248.0,27763597.0,2.0,90,TEXTIL,42,27.87952101661779,3.0,2248.0
Distribuidora Andina De Artículos Deportivos S.A.S.,800164923-9,2022-07-15,1053.0,28.0,347455.0,7.0,607724403.0,9728752.0,0.0,122,COMERCIAL,84,46.24536082474227,4.0,2236.0
Nexo Poblado S.A.S,901245261-6,2025-03-17,77.0,4.0,131968.0,0.0,11335073.0,527871.0,1.0,76,SERVICIOS,0,28.06622516556292,1.0,2226.0
Cooperativa De Caficultores De Antioquia,811025861-5,2024-08-22,284.0,3.0,576556.0,13.0,44460884.0,1729668.0,7.0,83,VARIOS,157,29.505050505050505,2.0,2222.0
Avaluos Y Tasaciones De Colombia Valorar S.A,900232534-1,2024-11-21,193.0,21.0,285969.0,6.0,191544581.0,6005359.0,11.0,78,INDUSTRIA,311,36.8311320754717,2.0,2212.0
Sutecno S.A.S.,900862537-6,2022-09-14,992.0,16.0,392142.0,3.0,74114512.0,6274272.0,0.0,106,INDUSTRIA,5,44.37158469945355,3.0,2211.0
Energia Y Potencia S.A.S,800051319-4,2024-11-22,192.0,8.0,536193.0,11.0,194229099.0,4289547.0,27.0,80,INDUSTRIA,157,48.858934169279,3.0,2208.0
Onelink S.A.S.,900964443-0,2023-11-20,560.0,26.0,1844862.0,23.0,11261326621.0,47966423.0,50.0,97,SERVICIOS,2500,60.62997974341661,3.0,2204.0
Comercial Internacional De Equipos Y Maquinaria S.A.S-Navitr,890903024-1,2025-05-26,7.0,198.0,545082.0,16.0,6967543277.0,107926138.0,529.0,114,INDUSTRIA,1029,48.71165358003576,2.0,2197.0
Centro Sur S.A,811037405-1,2025-02-24,98.0,14.0,467001.0,13.0,392128744.0,6538012.0,6.0,75,CONSTRUCCION,166,48.41570881226053,3.0,2189.0
Solla S.A.,890900291-8,2022-06-17,1081.0,40.0,263910.0,27.0,978562333.0,10556416.0,0.0,121,INDUSTRIA,700,32.494417862838915,4.0,2187.0
Productos Familia S.A,890900161-9,2022-05-09,1120.0,24.0,472229.0,7.0,588423259.0,11333502.0,0.0,109,INDUSTRIA,1200,46.66048237476809,3.0,2179.0
Constructora Precomprimidos S.A.S,890901156-6,2023-04-18,776.0,5.0,167158.0,16.0,208199704.0,835788.0,0.0,97,CONSTRUCCION,35,29.560344827586206,2.0,2177.0
Hermetikpro S.A.S,901056029-2,2025-05-26,7.0,28.0,157248.0,8.0,65775863.0,4402935.0,12.0,70,CONSTRUCCION,222,34.35267175572519,2.0,2110.0
Prisma Colombia S.A.S,901230072-5,2025-05-05,28.0,70.0,191350.0,34.0,323998097.0,13394485.0,36.0,72,SERVICIOS,51,43.95839363241679,3.0,2091.0
Prestigio Formacion Ejecutiva S.A.S,900338983-1,2025-03-14,80.0,14.0,180984.0,9.0,53996859.0,2533779.0,7.0,105,SERVICIOS,7,28.245,2.0,2076.0
Termijeans Servicio De Terminacion S.A.S,900994118-1,2022-03-23,1167.0,19.0,352535.0,2.0,585390433.0,6698157.0,0.0,103,TEXTIL,30,51.64166130070831,3.0,2066.0
U.T San Vicente Ces,901186866-8,2024-12-11,173.0,13.0,392937.0,80.0,988296556.0,5108179.0,1.0,75,SALUD,104,28.60837438423645,3.0,2017.0
Todo En Artes S.A.S,900252156-6,2024-11-21,193.0,10.0,200000.0,8.0,35093008.0,2000000.0,24.0,72,COMERCIAL,94,53.072463768115945,1.0,2003.0
Education Hub S.A.S,900752891-7,2024-11-05,209.0,63.0,249038.0,9.0,234356828.0,15689382.0,0.0,73,EDUCACION,45,39.85967617579029,3.0,1981.0
Sociedad Civil El Nuevo Colegio S.A.,800254204-8,2025-05-19,14.0,20.0,984299.0,51.0,748437382.0,19685977.0,171.0,67,EDUCACION,291,20.24019024970273,3.0,1977.0
Gerencia Y Control S.A.S,811008792-3,2024-09-18,257.0,8.0,240030.0,4.0,118622098.0,1920242.0,8.0,73,SERVICIOS,28,14.130296610169491,3.0,1960.0
Experts Colombia S.A.S.,900801459-9,2023-06-23,710.0,22.0,6245532.0,6.0,39616543724.0,137401710.0,12.0,113,SERVICIOS,3812,61.212502311818014,3.0,1950.0
Oficinas Por Tiempo S.A.S,900804511-8,2024-06-20,347.0,36.0,1810317.0,13.0,520710687.0,65171403.0,1.0,75,SERVICIOS,81,21.2945945945946,3.0,1927.0
Distribuciones Riogrande S.A.S,811012258-7,2025-04-23,40.0,30.0,306041.0,19.0,495039234.0,9181242.0,41.0,65,COMERCIAL,91,31.457337883959045,4.0,1920.0
Pixel Digital S.A.S,901799946-1,2024-07-30,307.0,9.0,169644.0,10.0,15983972.0,1526793.0,5.0,15,SERVICIOS,15,60.525925925925925,1.0,1908.0
Grupo Carvacaro S.A,811024201-1,2025-03-21,73.0,14.0,521616.0,35.0,219647108.0,7302629.0,20.0,122,INDUSTRIA,65,30.017278617710584,4.0,1900.0
Btg Pactual S.A. Comisionista De Bolsa,890907157-0,2025-05-07,26.0,32.0,909813.0,15.0,1725251235.0,29114012.0,86.0,125,FINANCIERO,656,25.71993410214168,2.0,1878.0
Samur Ocampo Cia Ltda Asesores De Seguros,802006386-4,2023-09-05,636.0,21.0,232929.0,4.0,386997764.0,4891505.0,7.0,82,SERVICIOS,42,20.1319068255688,2.0,1838.0
Aldecco S.A.S,900126869-1,2025-05-27,6.0,18.0,274971.0,8.0,238541114.0,4949477.0,14.0,85,INDUSTRIA,21,34.68218298555377,4.0,1835.0
Nuovo Alimentos S.A.S.,901038686-5,2022-07-01,1067.0,61.0,157266.0,6.0,515139952.0,9593208.0,1.0,95,ALIMENTOS,121,79.59870641169854,3.0,1816.0
Soberana S.A.S,811022981-7,2025-04-30,33.0,84.0,592133.0,62.0,2458859062.0,49739143.0,187.0,125,ALIMENTOS,368,34.23122203908641,3.0,1815.0
Estratek S.A.S,900523670-4,2024-07-04,333.0,64.0,240747.0,18.0,556457242.0,15407795.0,30.0,71,VARIOS,57,42.85144853092254,4.0,1807.0
Greenland Investments S.A.S,901350682-2,2025-05-23,10.0,41.0,519460.0,11.0,3411800874.0,21297876.0,183.0,60,SERVICIOS,583,32.061474513235616,3.0,1801.0
Soluciones Plasticas Caribe S.A.S.,901458968-9,2025-04-26,37.0,18.0,258707.0,25.0,222295259.0,4656723.0,12.0,50,INDUSTRIA,122,50.44175576814857,2.0,1801.0
Yeah! Creative Content S.A.S,900521943-0,2021-05-24,1470.0,6.0,167534.0,3.0,55013236.0,1005201.0,0.0,108,VARIOS,7,102.17972350230414,3.0,1792.0
Ig Services S.A.S.,900693655-1,2019-12-26,1985.0,22.0,656323.0,13.0,986082458.0,14439102.0,0.0,124,SERVICIOS,1000,44.36656282450675,3.0,1791.0
Logiplus S.A.S.,900818149-5,2024-01-24,495.0,6.0,105468.0,2.0,15931352.0,632808.0,2.0,75,SERVICIOS,2,53.95652173913044,1.0,1790.0
Aquaterra S.A.S,811027317-9,2024-05-09,389.0,30.0,261430.0,32.0,653302620.0,7842899.0,33.0,72,CONSTRUCCION,178,48.10734898037707,4.0,1780.0
Dataware Sistemas S.A.S.,811006823-4,2022-03-31,1159.0,22.0,404773.0,1.0,113399494.0,8905005.0,0.0,97,SERVICIOS,22,45.11688311688312,3.0,1777.0
Cedimed S.A.S,811007144-6,2020-09-07,1729.0,15.0,320524.0,6.0,901262937.0,4807861.0,0.0,125,SALUD,224,90.10176211453744,4.0,1776.0
Comercializadora Internacional Agrogreenland S.A.S,901615181-3,2025-02-21,101.0,32.0,201748.0,7.0,516111402.0,6455936.0,45.0,27,SERVICIOS,87,31.445264986967853,3.0,1753.0
Preflex S A S,860508470-0,2023-02-06,847.0,34.0,198797.0,22.0,477978488.0,6759091.0,25.0,23,INDUSTRIA,50,44.190691927512354,2.0,1750.0
Grupo Videobase S.A.S,800090028-2,2023-06-27,706.0,27.0,354710.0,11.0,279519136.0,9577167.0,3.0,81,SERVICIOS,63,53.05329949238579,2.0,1744.0
Conaltura Inmobiliaria S.A.S.,900978196-7,2024-01-04,515.0,14.0,175352.0,5.0,73696010.0,2454931.0,3.0,56,SERVICIOS,303,29.58279569892473,3.0,1730.0
Cesde S.A.S,890913319-1,2025-02-10,112.0,3.0,4644169.0,12.0,5423819626.0,13932506.0,50.0,124,EDUCACION,1050,34.042857142857144,2.0,1727.0
Automontaña S.A.S,890922323-1,2025-04-08,55.0,20.0,565499.0,19.0,464221886.0,11309978.0,58.0,69,INDUSTRIA,178,48.48412698412698,2.0,1716.0
Unidad Estomatologica Las Vegas S.A,800166631-2,2021-10-31,1310.0,5.0,225787.0,3.0,90396812.0,1128937.0,1.0,74,SALUD,21,37.93399339933993,3.0,1697.0
Sitech De Colombia S.A.S,900352185-9,2025-05-16,17.0,14.0,1431182.0,12.0,310464099.0,20036549.0,39.0,56,SERVICIOS,74,44.4453125,2.0,1689.0
Agricola El Retiro S.A.S En Reorganizacion,800059030-8,2023-09-27,614.0,23.0,418223.0,7.0,1208694991.0,9619139.0,2.0,76,INDUSTRIA,152,32.1265306122449,2.0,1688.0
Language Centers Network S.A.S,900430124-4,2025-05-21,12.0,24.0,278391.0,11.0,207640634.0,6681383.0,38.0,56,EDUCACION,98,39.72364217252396,2.0,1678.0
Productos Lacteos Aura Auralac S.A.S,811029525-3,2025-05-26,7.0,96.0,303000.0,51.0,2502266195.0,29087965.0,152.0,55,ALIMENTOS,251,36.67549080572088,4.0,1659.0
Thermos S.A.S. En Proceso De Reorganizacion,900363191-0,2023-04-17,777.0,28.0,380830.0,8.0,782274677.0,10663233.0,39.0,80,TEXTIL,84,87.87585012983801,3.0,1659.0
Moda Pap S.A.S.,900424137-5,2025-04-01,62.0,15.0,286711.0,10.0,102754678.0,4300663.0,12.0,56,TEXTIL,132,33.062248995983936,2.0,1639.0
Fusion Promotores De Seguros E Inversiones Ltda,900655380-1,2023-12-28,522.0,5.0,256674.0,3.0,45204368.0,1283369.0,2.0,71,SERVICIOS,32,26.886904761904763,2.0,1626.0
Fts Tecnologia S.A.S,900325828-1,2025-05-14,19.0,21.0,360424.0,9.0,189772517.0,7568908.0,36.0,54,SERVICIOS,36,39.17793103448276,1.0,1612.0
Spacio Mg Sas Zomac,901302408-6,2023-09-15,626.0,4.0,159880.0,3.0,22815692.0,639518.0,3.0,36,SERVICIOS,0,45.64094955489615,1.0,1585.0
Fami Credito Colombia S.A.S.,901234417-0,2023-10-20,591.0,27.0,450499.0,9.0,663223035.0,12163480.0,64.0,72,FINANCIERO,164,35.12580348943985,3.0,1584.0
Corporacion Antioquia Presente,890984783-1,2025-05-14,19.0,22.0,399785.0,46.0,309268649.0,8795261.0,21.0,125,VARIOS,126,13.893428063943162,4.0,1580.0
Productos Autoadhesivos Arclad S.A,890925215-6,2025-05-20,13.0,35.0,2140642.0,42.0,3828884455.0,74922484.0,258.0,56,INDUSTRIA,501,35.258141762452105,2.0,1575.0
Cobelen,890909246-7,2025-02-28,94.0,24.0,686387.0,41.0,706351310.0,16473281.0,114.0,58,FINANCIERO,279,28.565621370499414,4.0,1568.0
Entre Arroyos S.A.S,900650395-7,2024-01-19,500.0,23.0,319331.0,5.0,839335342.0,7344619.0,44.0,68,INDUSTRIA,164,30.75225225225225,3.0,1567.0
Grupo Quincena S.A.S.,900926147-3,2025-01-28,125.0,41.0,125023.0,9.0,102811618.0,5125944.0,11.0,56,SERVICIOS,131,14.897727272727272,2.0,1558.0
Komet Sales S.A.S,900752025-5,2025-05-21,12.0,26.0,663230.0,28.0,639606934.0,17243988.0,47.0,50,SERVICIOS,117,23.96195652173913,3.0,1532.0
Ossa Consultoria Sas,900394581-2,2024-07-31,306.0,25.0,316284.0,11.0,203696554.0,7907095.0,35.0,60,SERVICIOS,49,50.49417852522639,3.0,1520.0
Fundacion Greenland,800023087-1,2024-08-28,278.0,12.0,321609.0,4.0,163321065.0,3859307.0,20.0,59,VARIOS,36,27.799741602067183,2.0,1519.0
Lucky Punk S.A.S,900703169-8,2022-06-14,1084.0,3.0,83501.0,1.0,6105398.0,250503.0,0.0,87,TEXTIL,0,24.152,2.0,1496.0
Cidenet S.A.S,900574473-8,2025-04-22,41.0,47.0,243567.0,9.0,161197310.0,11447670.0,5.0,74,SERVICIOS,85,29.878869448183043,3.0,1491.0
Fondo De Empleados Greenland,900103234-4,2025-02-24,98.0,9.0,124385.0,4.0,26415012.0,1119465.0,7.0,58,SERVICIOS,17,26.569037656903767,2.0,1489.0
Cadena S.A.,890930534-0,2022-07-21,1047.0,15.0,759375.0,2.0,239248042.0,11390626.0,0.0,83,SERVICIOS,800,41.275331935709296,3.0,1486.0
Comercializadora Internacional Banacol De Colombia S.A.S En Reorganizacion,890926766-7,2023-02-01,852.0,22.0,297575.0,3.0,1855589297.0,6546647.0,0.0,77,COMERCIAL,0,32.13550135501355,3.0,1477.0
Promotora Nivel S.A.S,901040234-6,2024-03-07,452.0,45.0,232584.0,14.0,342941127.0,10466273.0,33.0,63,CONSTRUCCION,33,32.23617407071623,3.0,1470.0
Cuantum Soluciones Financieras S.A,900242548-7,2021-04-27,1497.0,7.0,253658.0,3.0,75824772.0,1775605.0,0.0,103,FINANCIERO,0,12.588397790055248,3.0,1464.0
Corporacion Universitaria Remington,811005425-1,2020-10-23,1683.0,3.0,197733.0,21.0,1293306606.0,593200.0,0.0,123,EDUCACION,440,26.4375,3.0,1444.0
Gft Technologies S.A.S,900074316-4,2023-08-04,668.0,25.0,352108.0,14.0,491686866.0,8802692.0,6.0,71,SERVICIOS,6,34.30971512052593,3.0,1444.0
Alico S.A.S Bic,890928257-9,2025-04-02,61.0,24.0,545179.0,29.0,338110744.0,13084291.0,8.0,50,INDUSTRIA,708,32.62691652470188,3.0,1443.0
Selecta Consulting Group S.A.S,900123495-5,2023-02-10,843.0,22.0,213343.0,0.0,94079215.0,4693548.0,0.0,75,SERVICIOS,55,46.20304568527919,3.0,1443.0
Personal Soft S.A.S,811022382-5,2021-08-05,1397.0,3.0,1100001.0,12.0,591727402.0,3300002.0,0.0,94,INDUSTRIA,500,9.633986928104576,3.0,1428.0
Quimetales S.A.S. E.S.P.,900409152-3,2025-05-22,11.0,11.0,234940.0,2.0,68240941.0,2584342.0,19.0,48,SERVICIOS PUBLICOS,31,29.611570247933884,1.0,1426.0
Colplast S.A.S,811027885-0,2024-11-14,200.0,10.0,556956.0,11.0,872578138.0,5569557.0,59.0,84,COMERCIAL,119,29.777695167286247,3.0,1416.0
Inteligencia Tecnologica S.A.S,900792205-5,2023-10-24,587.0,35.0,1159963.0,18.0,1101577123.0,40598713.0,25.0,65,SERVICIOS,120,94.28169406519922,3.0,1412.0
Muma S.A.S,890900297-1,2019-02-19,2295.0,6.0,374534.0,3.0,68493868.0,2247201.0,0.0,125,INDUSTRIA,80,41.322709163346616,3.0,1394.0
Appinit S.A.S,901415482-7,2025-05-19,14.0,16.0,195972.0,12.0,59383026.0,3135548.0,9.0,46,SERVICIOS,79,11.66225165562914,1.0,1390.0
Logistica Y Operadora De Transportes Lopertrans S.A.S,900767243-1,2023-01-27,857.0,7.0,1024964.0,8.0,382279409.0,7174749.0,26.0,74,SERVICIOS,56,23.429262394195888,2.0,1381.0
Fundacion Universitaria Ceipa,890910961-7,2022-12-28,887.0,31.0,701790.0,17.0,1684123784.0,21755483.0,0.0,80,EDUCACION,350,37.41666666666666,3.0,1379.0
Soluna Energía S.A.S. E.S.P.,901424573-7,2025-01-31,122.0,12.0,137271.0,4.0,29547675.0,1647251.0,8.0,49,SERVICIOS PUBLICOS,118,10.101045296167248,2.0,1376.0
Scribe Colombia S.A.S.,900442933-8,2025-04-21,42.0,28.0,281772.0,32.0,224626700.0,7889610.0,20.0,47,INDUSTRIA,100,40.123321123321126,2.0,1369.0
Compañia Cafetera La Meseta S.A.S,900298861-9,2025-02-24,98.0,15.0,264213.0,31.0,742779725.0,3963192.0,40.0,98,ALIMENTOS,140,29.771945701357467,3.0,1361.0
Dibanka Sas,901383028-7,2025-04-02,61.0,102.0,211559.0,47.0,642402103.0,21578976.0,74.0,47,SERVICIOS,134,14.22972972972973,1.0,1360.0
Asc Seguros Ltda,900187788-2,2023-04-03,791.0,3.0,238005.0,2.0,30448961.0,714015.0,1.0,71,SERVICIOS,1,34.11344537815126,2.0,1357.0
Bayton Colombia Sas,900051779-1,2022-06-08,1090.0,33.0,174524.0,4.0,76058283.0,5759289.0,0.0,81,SERVICIOS,34,51.55655526992288,3.0,1351.0
Azimut Energia S.A.S.,900491846-4,2025-05-19,14.0,33.0,372526.0,28.0,549241324.0,12293373.0,99.0,45,SERVICIOS,99,52.77340182648402,3.0,1340.0
Francorp Sociedad Por Acciones Simplificada,900178348-7,2025-03-11,83.0,10.0,342381.0,20.0,416816973.0,3423809.0,33.0,47,ALIMENTOS,148,37.41880341880342,4.0,1328.0
Col Comercializadora Sociedad Por Acciones Simplificada,900181801-3,2024-12-10,174.0,16.0,137407.0,7.0,48504388.0,2198518.0,8.0,49,COMERCIAL,18,36.5938242280285,1.0,1321.0
Nueve Nueve Dos Sas,901385230-8,2025-05-21,12.0,59.0,222306.0,12.0,284439830.0,13116039.0,47.0,44,TEXTIL,147,31.45190311418685,3.0,1317.0
Guane Enterprises Sas,901177978-6,2024-09-20,255.0,63.0,158612.0,19.0,565835241.0,9992545.0,43.0,52,SERVICIOS,145,41.26918109015758,3.0,1312.0
Coraxon Sas,900425272-6,2024-10-21,224.0,28.0,532824.0,35.0,651712352.0,14919061.0,75.0,50,SALUD,475,67.8842530282638,3.0,1292.0
Stracon Internacional Sac. Sucursal Colombia,900884289-9,2024-11-21,193.0,14.0,436072.0,20.0,305908998.0,6105001.0,28.0,49,INDUSTRIA,348,34.99145299145299,2.0,1287.0
Club Campestre El Rodeo S.A,890904078-3,2025-04-28,35.0,28.0,293067.0,26.0,334113520.0,8205887.0,38.0,121,SERVICIOS,138,51.67569786535304,3.0,1278.0
Petpack S.A.S.,811022408-8,2018-08-21,2477.0,6.0,229834.0,8.0,214950872.0,1379006.0,0.0,125,INDUSTRIA,20,68.74634146341464,4.0,1264.0
Emergia Custumer Care Colombia S.A.S,900644255-1,2020-07-15,1783.0,2.0,744500.0,5.0,28721340.0,1489000.0,0.0,100,SERVICIOS,200,59.03260869565217,1.0,1255.0
Telemed Soluciones Bpo S.A.S,900100737-3,2022-11-24,921.0,16.0,1199878.0,8.0,3637399829.0,19198052.0,1.0,79,SERVICIOS,351,42.6710182767624,2.0,1254.0
Proexcar S.A.S,900325248-1,2025-05-09,24.0,11.0,190654.0,6.0,88105591.0,2097194.0,12.0,68,INDUSTRIA,87,34.42342342342342,3.0,1250.0
Growth Educación Y Salud S.A.S,901525480-4,2024-02-01,487.0,4.0,244291.0,2.0,40054440.0,977162.0,3.0,32,SALUD,63,31.397163120567377,3.0,1245.0
Lacteos Betania S.A.,811037075-4,2025-02-07,115.0,28.0,241433.0,12.0,316871525.0,6760128.0,31.0,51,ALIMENTOS,79,47.18055555555556,3.0,1242.0
Prodenvases S.A.S.,860013809-8,2025-04-02,61.0,8.0,235125.0,7.0,53989271.0,1881000.0,9.0,43,INDUSTRIA,109,51.74489795918368,1.0,1230.0
Concentrix Crm Colombia Sas,900596020-1,2019-09-09,2093.0,11.0,625664.0,1.0,8979041359.0,6882306.0,3.0,113,SERVICIOS,2503,64.33249006143838,3.0,1224.0
Telemetry And Security Systems S.A.S.,900387481-5,2024-11-01,213.0,15.0,261598.0,14.0,145531511.0,3923970.0,15.0,47,SERVICIOS,26,56.29677419354839,2.0,1218.0
Gases Industriales De Colombia S.A.  /  Cryogas,860013704-3,2022-07-03,1065.0,6.0,409167.0,10.0,40235211.0,2455002.0,0.0,110,INDUSTRIA,370,56.07207207207208,2.0,1207.0
Tiempos S.A.S,890937070-7,2025-04-10,53.0,8.0,433692.0,19.0,147674562.0,3469533.0,9.0,122,SERVICIOS,9,25.427419354838708,3.0,1205.0
Atletico Nacional S.A,900464187-4,2025-05-20,13.0,64.0,453987.0,56.0,1265202434.0,29055140.0,131.0,40,SERVICIOS,246,34.38825448613377,3.0,1204.0
Tecnologias De La Informacion Y Pago Integrado Sas,900446461-1,2024-05-15,383.0,14.0,177714.0,14.0,311766746.0,2488002.0,2.0,58,COMERCIAL,17,38.8501872659176,3.0,1203.0
Mundienlace En Contacto S A S,900473340-3,2025-03-07,87.0,11.0,134784.0,18.0,67864615.0,1482619.0,13.0,43,SERVICIOS,88,41.68957345971564,2.0,1199.0
Concentrix Servicios Colombia S.A.S,900733568-1,2020-01-20,1960.0,15.0,2827003.0,4.0,11632111874.0,42405049.0,3.0,104,SERVICIOS,723,60.638759264342575,3.0,1196.0
Green Superfood S.A.S,901185312-5,2024-10-28,217.0,10.0,1868268.0,40.0,749273218.0,18682681.0,61.0,46,INDUSTRIA,180,43.49028571428571,2.0,1186.0
Quipux S.A.S.,811003486-1,2020-06-25,1803.0,3.0,1392351.0,12.0,339267349.0,4177052.0,0.0,98,SERVICIOS,500,31.8,4.0,1183.0
Andina Conceptos Inmobiliarios S.A.S,900993044-9,2022-09-02,1004.0,6.0,109833.0,0.0,14942768.0,659000.0,0.0,72,SERVICIOS,15,27.018633540372672,3.0,1178.0
Instalcom S.A.S,900128780-2,2020-10-08,1698.0,34.0,186206.0,15.0,91044398.0,6330994.0,32.0,94,INDUSTRIA,61,39.074803149606296,3.0,1169.0
Corporacion Colegio Montessori,890916768-9,2024-04-10,418.0,6.0,602735.0,48.0,796006189.0,3616409.0,0.0,88,EDUCACION,140,34.86363636363637,3.0,1168.0
Grupo Antioqueño De Neurologia Pediatrica S.A.S,900460371-5,2024-10-28,217.0,5.0,1360429.0,33.0,469598403.0,6802143.0,69.0,44,SALUD,569,41.5936507936508,2.0,1124.0
Calorcol S.A.S.,811034480-0,2025-05-20,13.0,14.0,337105.0,21.0,150856377.0,4719467.0,37.0,124,INDUSTRIA,85,57.18378378378378,2.0,1111.0
I.P.S Fisinova S.A.S,900217078-1,2022-07-01,1067.0,6.0,444360.0,2.0,319326315.0,2666161.0,8.0,72,SALUD,108,30.74586776859504,3.0,1099.0
Sertu Asesores De Seguros Ltda,901270720-0,2024-02-19,469.0,3.0,181266.0,8.0,16761952.0,543797.0,1.0,51,EDUCACION,4,25.488888888888887,1.0,1089.0
Isagen S.A. E.S.P,811000740-4,2023-12-15,535.0,25.0,321393.0,11.0,122882468.0,8034813.0,0.0,125,INDUSTRIA,800,29.761194029850746,2.0,1074.0
Industrias Emu S.A.S,890919414-0,2025-03-11,83.0,4.0,454063.0,2.0,97854923.0,1816250.0,17.0,37,INDUSTRIA,67,32.739495798319325,3.0,1047.0
Mensula S.A.S,800027617-3,2025-05-14,19.0,33.0,228455.0,14.0,153247907.0,7539005.0,30.0,35,CONSTRUCCION,45,29.174904942965775,1.0,1037.0
International Fruit Company Sas,901537007-5,2025-05-22,11.0,15.0,136024.0,5.0,88841517.0,2040359.0,11.0,34,SERVICIOS,18,25.18923611111111,3.0,1030.0
Crystal S . A . S,890901672-5,2024-08-01,305.0,6.0,311161.0,14.0,35377602.0,1866966.0,1.0,44,TEXTIL,2001,40.16666666666666,2.0,1028.0
"Servicios Especializados De Tecnología E Informática ""Seti"" S.A.S",830047444-0,2025-01-21,132.0,228.0,190485.0,144.0,2906073537.0,43430659.0,78.0,42,SERVICIOS,160,27.00501378791677,2.0,1026.0
Guamito S.A.S,900116641-5,2023-06-07,726.0,21.0,274954.0,3.0,357843590.0,5774037.0,45.0,58,INDUSTRIA,70,49.151272727272726,3.0,1022.0
Visual Contact Sas,901071281-5,2025-04-07,56.0,20.0,485392.0,4.0,68156313.0,9707844.0,0.0,35,SERVICIOS,0,31.68831168831169,1.0,1018.0
Gluky Group Sas,900126415-1,2023-04-18,776.0,43.0,376514.0,30.0,873384616.0,16190097.0,46.0,59,COMERCIAL,246,48.44888888888889,2.0,1012.0
Centro Medico Cognitivo E Investigacion S A S,900479894-9,2025-02-05,117.0,10.0,1655811.0,29.0,596676275.0,16558112.0,116.0,37,SALUD,386,39.825268817204304,3.0,996.0
Corporacion Universitaria Unilasallista,890984812-5,2017-11-20,2751.0,5.0,160266.0,18.0,1152260918.0,801332.0,0.0,122,EDUCACION,220,48.46236559139785,3.0,966.0
Industrias Alimenticias La Reina S.A.S,890929502-3,2020-03-16,1904.0,30.0,133567.0,4.0,90829022.0,4007009.0,0.0,84,ALIMENTOS,30,83.44859813084112,3.0,966.0
Global Latices S.A.S,900361775-2,2023-06-27,706.0,16.0,168328.0,2.0,232234457.0,2693245.0,19.0,66,INDUSTRIA,130,54.48738872403561,3.0,956.0
Industrias Cat Nat S.A.S,901035588-8,2024-02-15,473.0,19.0,598038.0,15.0,480834303.0,11362713.0,28.0,47,TEXTIL,55,44.360924683072334,4.0,946.0
Compañia De Aspersiones Aereas Control B S.A.S Zomac,901390136-3,2025-03-05,89.0,19.0,238125.0,4.0,176702422.0,4524384.0,26.0,42,INDUSTRIA,176,30.324974924774324,2.0,908.0
Zeuss Petroleum S.A.S,811043174-1,2018-08-02,2496.0,2.0,163000.0,31.0,488860139.0,326000.0,0.0,117,INDUSTRIA,392,75.82584269662921,3.0,905.0
Alianzas Créditos Y Consultorias S.A.S.,901024432-0,2023-04-03,791.0,9.0,424436.0,15.0,167257182.0,3819924.0,19.0,54,FINANCIERO,59,30.54922279792746,3.0,901.0
Nuvant S.A.S,890906119-6,2024-12-11,173.0,9.0,397633.0,22.0,461057158.0,3578700.0,19.0,46,INDUSTRIA,159,28.55555555555556,2.0,881.0
Kenworth De La Montaña S.A.S.,800125639-5,2023-03-24,801.0,45.0,646810.0,29.0,2899370108.0,29106469.0,194.0,55,INDUSTRIA,394,65.956783919598,3.0,875.0
Cascos Yc Sas,900501367-2,2024-02-06,482.0,3.0,727248.0,1.0,140184850.0,2181743.0,10.0,44,COMERCIAL,35,59.96762589928058,2.0,872.0
Itges S.A.S,901346737-3,2023-09-27,614.0,12.0,138167.0,4.0,56032843.0,1658001.0,11.0,49,SERVICIOS,11,38.82729211087421,1.0,869.0
Frubatec S.A.S Zomac,901263414-2,2022-10-26,950.0,5.0,501382.0,2.0,235622889.0,2506908.0,3.0,56,INDUSTRIA,3,38.61705685618729,2.0,862.0
Ayura Motor S.A,890942310-1,2021-08-04,1398.0,2.0,1801607.0,56.0,2782440305.0,3603214.0,0.0,87,INDUSTRIA,300,36.59588537839824,4.0,861.0
Corporacion Mundial De La Mujer Medellin,890985522-9,2025-04-15,48.0,2.0,389230.0,5.0,17369436.0,778460.0,4.0,30,VARIOS,54,12.05,2.0,854.0
Dispartes S.A.S,811004112-7,2025-04-23,40.0,4.0,283117.0,10.0,45624405.0,1132468.0,2.0,29,COMERCIAL,82,32.42857142857143,3.0,846.0
Distribuidora Doña Elena S.A. Y Podrá Utilizar Tambien La Denominación Pasteleria Santa Elena S.A.,890929455-5,2020-11-26,1649.0,3.0,74333.0,3.0,73464260.0,223000.0,10.0,90,ALIMENTOS,115,55.56774193548387,3.0,835.0
Socoda S.A.S.,890914515-3,2025-01-21,132.0,5.0,1106615.0,9.0,198177585.0,5533075.0,33.0,32,INDUSTRIA,313,46.93379790940767,2.0,820.0
Dataknow S.A.S,901212206-9,2025-05-23,10.0,144.0,133096.0,42.0,343303629.0,19165801.0,116.0,27,INDUSTRIA,136,37.17309697601669,2.0,807.0
Grupo Ade S.A.S,900972188-0,2025-02-06,116.0,5.0,453984.0,4.0,47626135.0,2269918.0,2.0,31,SERVICIOS,12,35.00689655172414,2.0,807.0
Praxedes Midasoft Group S.A.S,900314187-1,2025-04-30,33.0,16.0,509415.0,12.0,243216614.0,8150645.0,53.0,28,SERVICIOS,113,42.22509225092251,2.0,800.0
Theraclinic S.A.S,900232205-3,2023-10-06,605.0,15.0,182922.0,10.0,93383525.0,2743827.0,0.0,46,SALUD,15,22.964746345657783,1.0,794.0
Sysman S.A.S,800021261-8,2025-02-26,96.0,52.0,281523.0,38.0,486638521.0,14639210.0,81.0,29,SERVICIOS,201,31.721961398017736,2.0,792.0
On Business Consulting Sas,900046462-2,2025-05-23,10.0,14.0,201813.0,9.0,44790814.0,2825387.0,10.0,26,SERVICIOS,0,47.6878612716763,1.0,784.0
Fundacion Intal,811033264-1,2023-11-29,551.0,17.0,278517.0,7.0,117445558.0,4734797.0,0.0,44,VARIOS,42,23.38506417736289,2.0,782.0
Unidad Cardio Quirurgica De Nariño S.A.S,814006248-1,2025-04-24,39.0,11.0,3104533.0,20.0,1208971376.0,34149863.0,236.0,27,SALUD,936,53.073319755600814,2.0,777.0
Carcafe Ltda,891903333-6,2025-04-28,35.0,19.0,698109.0,42.0,559224622.0,13264066.0,87.0,27,INDUSTRIA,307,27.324528301886797,2.0,760.0
Green S&S Edge S.A.S.,901196233-9,2021-07-23,1410.0,8.0,334122.0,6.0,77923174.0,2672978.0,1.0,71,SERVICIOS,26,15.682539682539682,3.0,737.0
Team Communications S.A.S,900206408-1,2025-05-21,12.0,66.0,401449.0,39.0,2456468098.0,26495623.0,159.0,25,COMERCIAL,376,34.780397199599946,2.0,733.0
Sp Ingenieros S.A.S,890932424-8,2022-03-11,1179.0,3.0,471738.0,7.0,4988381089.0,1415215.0,0.0,100,CONSTRUCCION,250,69.18693632139929,4.0,728.0
Boydorr Sas,900554592-0,2025-04-15,48.0,21.0,477144.0,25.0,272169740.0,10020024.0,67.0,33,ALIMENTOS,267,45.57858376511226,2.0,718.0
Reforestadora Riofrio S.A,900150254-1,2024-01-30,489.0,4.0,220509.0,3.0,38583004.0,882035.0,3.0,40,INDUSTRIA,0,58.3,2.0,713.0
Kinnesis Solutions S.A.S.,900497017-2,2022-11-15,930.0,8.0,173402.0,14.0,163579594.0,1387212.0,0.0,54,INDUSTRIA,12,25.866071428571427,3.0,699.0
Prosalon Distribuciones Sas,900365205-4,2025-05-13,20.0,37.0,200978.0,65.0,176494706.0,7436170.0,35.0,24,COMERCIAL,185,31.37159253945481,2.0,699.0
Eleia Ingenieria S.A.S,901330424-3,2025-03-01,93.0,3.0,471278.0,7.0,18021007.0,1413835.0,3.0,26,SERVICIOS,3,42.28169014084507,1.0,698.0
Farmfolio S.A.S,900925172-3,2025-03-21,73.0,5.0,1049503.0,6.0,20522014.0,5247513.0,30.0,25,AGRICULTOR,80,42.05172413793103,1.0,688.0
Softys Gachancipá S.A,900251415-4,2025-05-22,11.0,9.0,6194582.0,30.0,2229470255.0,55751237.0,261.0,23,INDUSTRIA,256,34.48780487804878,4.0,682.0
Pertiga Ingenieros Sas,901390859-1,2022-08-18,1019.0,9.0,112156.0,3.0,67811320.0,1009403.0,10.0,56,SERVICIOS,10,26.877622377622377,2.0,680.0
Proyectos De Ingenieria Avanzada Sociedad Por Acciones Simplificada Prinza,900081271-0,2023-03-10,815.0,2.0,130157.0,2.0,4687616.0,260314.0,0.0,85,COMERCIAL,50,61.078125,1.0,680.0
Invermalu Sas,901017614-5,2024-02-01,487.0,5.0,303995.0,2.0,58857309.0,1519975.0,4.0,38,ALIMENTOS,5,37.6900826446281,1.0,675.0
Investigacion Asesoria Mercadeo S.A.S,890909099-0,2025-05-09,24.0,13.0,140315.0,50.0,516773779.0,1824099.0,13.0,26,SERVICIOS,108,34.78352490421456,3.0,675.0
Extrusiones S.A,890931708-1,2025-04-30,33.0,20.0,887518.0,26.0,744132879.0,17750361.0,95.0,23,INDUSTRIA,215,35.369481765834934,3.0,660.0
Importadora Japon,890942047-7,2023-10-23,588.0,6.0,1228911.0,3.0,808297574.0,7373468.0,47.0,124,COMERCIAL,519,39.67799642218247,2.0,660.0
Importadora Nipon S.A,800095007-0,2023-10-13,598.0,6.0,1077784.0,3.0,657197595.0,6466705.0,40.0,124,COMERCIAL,512,33.398945518453424,3.0,650.0
Kimautos S.A,900073391-2,2023-10-13,598.0,11.0,647120.0,4.0,655255581.0,7118324.0,50.0,124,INDUSTRIA,522,33.68491484184915,3.0,650.0
Critertec Educacion Sas,800152913-3,2025-02-28,94.0,20.0,654063.0,19.0,21185316.0,13081251.0,0.0,25,EDUCACION,10,25.306451612903224,1.0,644.0
Kassani Diseño S.A.S,860524772-7,2024-11-01,213.0,12.0,567719.0,75.0,395203292.0,6812622.0,18.0,28,INDUSTRIA,116,36.34769230769231,4.0,638.0
Tres Agencia De Seguros Ltda,901303404-1,2024-02-13,475.0,3.0,190000.0,3.0,9570001.0,570001.0,0.0,37,SERVICIOS,0,85.26666666666667,2.0,635.0
Antaressolar S.A.S.,901786134-1,2025-05-20,13.0,6.0,191584.0,5.0,17601195.0,1149505.0,5.0,16,SERVICIOS,29,30.857988165680474,3.0,623.0
Centro Latinoamericano De Nutricion S.A.S,901173553-1,2025-03-27,67.0,8.0,207834.0,13.0,45539799.0,1662671.0,11.0,22,SERVICIOS,25,44.34177215189873,1.0,609.0
Par Servicios Integrales S A,830067329-7,2025-04-09,54.0,43.0,338806.0,24.0,325248477.0,14568656.0,54.0,23,SERVICIOS,254,44.66236559139785,3.0,607.0
Comercial Nutresa Sas,900341086-0,2025-05-02,31.0,31.0,320460.0,11.0,22813192.0,9934258.0,33.0,21,INDUSTRIA,3033,77.80882352941177,1.0,605.0
Omnivida S.A.S.,901142547-4,2023-12-01,549.0,8.0,2050606.0,52.0,1326332842.0,16404848.0,50.0,39,SERVICIOS,112,31.149847094801224,3.0,588.0
Rotoplast S.A.S,890942987-5,2023-03-15,810.0,11.0,451202.0,5.0,868242377.0,4963219.0,51.0,45,INDUSTRIA,92,45.14020028612303,2.0,575.0
Softys Colombia S.A.,817002753-0,2025-04-16,47.0,6.0,4660229.0,31.0,1279936271.0,27961375.0,130.0,20,INDUSTRIA,230,36.09674329501916,3.0,566.0
Curative Group Sas,901226850-3,2024-12-20,164.0,4.0,178601.0,4.0,14357261.0,714404.0,3.0,24,INDUSTRIA,3,35.50684931506849,3.0,562.0
Combustibles Unigas Sas,830085008-4,2025-04-14,49.0,6.0,541518.0,21.0,65993110.0,3249105.0,21.0,20,COMERCIAL,151,39.251612903225805,1.0,559.0
Boydorr Nutrition S.A.S,901033503-3,2025-03-11,83.0,12.0,304497.0,17.0,78043180.0,3653968.0,20.0,33,ALIMENTOS,140,47.801762114537446,2.0,552.0
Mirai-Tech S.A.S,901547190-8,2024-05-23,375.0,20.0,273600.0,9.0,98669774.0,5472000.0,20.0,31,INDUSTRIA,0,89.82384823848238,1.0,547.0
Centro Colombo Americano De Medellin,890900913-0,2025-03-13,81.0,9.0,911207.0,28.0,148738375.0,8200866.0,56.0,21,EDUCACION,236,24.72932330827068,1.0,545.0
In-Deleble Sas Bic,900781753-2,2025-03-13,81.0,4.0,187512.0,5.0,7921814.0,750049.0,3.0,30,EDUCACION,3,14.567567567567568,1.0,542.0
Casamagna S.A.S,811031313-5,2024-09-18,257.0,11.0,300916.0,7.0,150626218.0,3310071.0,22.0,26,SERVICIOS,72,30.28589420654912,2.0,539.0
Fourier Analytics Sas,901324852-8,2025-03-28,66.0,38.0,210382.0,31.0,215100188.0,7994529.0,38.0,19,SERVICIOS,108,7.231473771856786,1.0,539.0
Cruz Roja Colombiana Seccional Antioquia,890980074-8,2024-07-31,306.0,6.0,1747334.0,6.0,30323468.0,10484004.0,0.0,28,SALUD,101,33.708333333333336,1.0,527.0
Quick Learning S.A.S.,900497178-1,2025-05-05,28.0,3.0,715128.0,47.0,149653324.0,2145385.0,20.0,22,COMERCIAL,174,28.6123595505618,3.0,525.0
Compañia De Distribucion Y Transporte S.A.S,800242427-1,2022-05-11,1118.0,15.0,1405660.0,23.0,923090494.0,21084901.0,4.0,54,SERVICIOS,205,40.302350427350426,3.0,524.0
Entelgy Colombia S.A.S,900360482-5,2024-11-27,187.0,4.0,290603.0,22.0,18497625.0,1162410.0,2.0,22,SERVICIOS,92,31.873015873015877,1.0,490.0
Summa-Servicios Corporativos Integrales S.A.S,901033369-2,2024-10-31,214.0,69.0,284723.0,25.0,1313060969.0,19645910.0,35.0,23,SERVICIOS,135,46.73296903460838,2.0,489.0
Telemetry And Security Systems Internacional S.A.S,901765535-1,2025-03-03,91.0,8.0,211673.0,16.0,28313013.0,1693387.0,7.0,19,INDUSTRIA,74,40.72043010752688,1.0,488.0
Egm Colombia S.A.S.,901597270-2,2025-05-19,14.0,32.0,501541.0,22.0,210817594.0,16049322.0,65.0,15,MINERO,65,33.13468634686347,3.0,479.0
Igb Motorcycle Parts S.A.S,811011909-9,2023-06-01,732.0,3.0,146667.0,24.0,801189500.0,440000.0,0.0,111,INDUSTRIA,69,37.38541666666666,2.0,470.0
Quironprevencion Colombia S.A.S,900592369-6,2023-07-07,696.0,22.0,641685.0,29.0,391420281.0,14117068.0,28.0,38,VARIOS,428,30.05228031145717,3.0,466.0
Sosteli Group Sas,901187622-2,2024-09-09,266.0,12.0,439207.0,8.0,198727125.0,5270487.0,25.0,24,INDUSTRIA,46,37.84323040380048,2.0,461.0
Consorcio Vip Senderos De Cimarronas 2020,901432789-4,2022-09-30,976.0,11.0,156791.0,0.0,130888491.0,1724697.0,13.0,47,CONSTRUCCION,22,32.697560975609754,1.0,451.0
Euno Consulting S.A.S,900699541-8,2022-08-26,1011.0,10.0,675072.0,5.0,126697165.0,6750716.0,0.0,48,SERVICIOS,70,35.11326860841424,1.0,444.0
Tecshop Colombia Sas,900804903-1,2022-06-21,1077.0,5.0,329000.0,3.0,241672472.0,1645000.0,7.0,49,SERVICIOS,17,99.4125874125874,3.0,421.0
Haceb Whirlpool Industrial S.A.S,900666078-7,2025-03-17,77.0,19.0,344640.0,25.0,186526955.0,6548169.0,33.0,17,INDUSTRIA,118,34.68041237113402,2.0,418.0
Corporacion Empresarial Del Oriente Antioqueño,890985350-9,2023-06-20,713.0,2.0,167715.0,5.0,22809694.0,335430.0,2.0,37,VARIOS,0,28.35573122529644,1.0,417.0
Agropecuaria Bosque Natural Sas,901301667-2,2022-08-17,1020.0,9.0,197202.0,0.0,64831506.0,1774821.0,10.0,47,INDUSTRIA,17,109.1783439490446,2.0,399.0
Tronex S.A.S,811025446-1,2025-01-21,132.0,3.0,499538.0,17.0,33713953.0,1498613.0,4.0,18,INDUSTRIA,104,52.66666666666666,1.0,397.0
Bythewave S.A.S,900665411-2,2025-03-11,83.0,14.0,653704.0,19.0,159575505.0,9151855.0,60.0,16,SERVICIOS,120,45.10980392156863,2.0,392.0
Prever Prevision General S.A.S,900662390-2,2025-04-04,59.0,52.0,618564.0,22.0,436916083.0,32165335.0,160.0,15,VARIOS,560,45.35759096612296,2.0,384.0
Agrosura S.A.S. Zomac,901161983-3,2025-03-13,81.0,13.0,872017.0,21.0,195939060.0,11336224.0,82.0,15,INDUSTRIA,282,41.297872340425535,1.0,373.0
Compañia Nacional De Chocolates Sas Que Podra Utilizar Para Todos Los Efectos La Denominacion Cnch O Cnc Food Sas,811036030-9,2024-11-05,209.0,2.0,2171580.0,1.0,16159692.0,4343160.0,0.0,19,INDUSTRIA,800,40.71428571428572,1.0,364.0
Boutique Inducascos S.A.S,900389518-8,2017-04-28,2957.0,3.0,214500.0,13.0,127724851.0,643500.0,0.0,109,INDUSTRIA,110,30.48854961832061,4.0,361.0
Estrategia Digital Y Comercial S.A.S.,901658649-2,2024-05-08,390.0,2.0,576056.0,3.0,8247863.0,1152112.0,8.0,4,INDUSTRIA,23,38.11111111111112,1.0,359.0
Distribuidora Nogal Ltda,860517950-2,2025-02-18,104.0,4.0,321475.0,11.0,24450526.0,1285898.0,0.0,22,TEXTIL,40,12.08695652173913,2.0,354.0
Vital Autoservicios S.A.S,900241665-6,2024-05-20,378.0,3.0,327781.0,7.0,65541861.0,983344.0,5.0,24,COMERCIAL,65,42.43564356435643,3.0,346.0
Modelos Y Estrategias S.A.S,900763845-5,2020-09-23,1713.0,5.0,123500.0,3.0,22693001.0,617500.0,4.0,68,COMERCIAL,12,71.72131147540983,3.0,343.0
We Agro S.A.S Zomac,901780843-6,2024-10-30,215.0,5.0,315159.0,2.0,8974349.0,1575795.0,9.0,13,AGRICULTOR,10,28.682926829268293,2.0,335.0
Constructora Guasandi S.A.S.,900965617-1,2019-10-18,2054.0,7.0,176577.0,16.0,118502813.0,1236039.0,0.0,79,CONSTRUCCION,31,24.79621848739496,3.0,332.0
Compañia Internacional Agrofrut S.A.S.,800157130-6,2025-04-22,41.0,9.0,275000.0,35.0,113126946.0,2475000.0,14.0,15,INDUSTRIA,74,55.86486486486486,2.0,328.0
Mavibienes S.A.S,900482267-1,2023-10-24,587.0,2.0,397641.0,3.0,29696881.0,795281.0,6.0,30,INDUSTRIA,206,4.4393939393939394,1.0,326.0
Vision Segura Y Cia. Ltda.,900042913-4,2025-03-17,77.0,5.0,716319.0,10.0,66982275.0,3581595.0,22.0,13,SERVICIOS,22,26.80327868852459,1.0,325.0
Awp Colombia S.A.S,900393381-1,2025-03-03,91.0,6.0,3002766.0,15.0,154733678.0,18016595.0,86.0,14,SERVICIOS,386,9.123287671232877,2.0,319.0
Tecnicas Y Controles Industriales Sas,901217361-5,2024-06-28,339.0,2.0,804297.0,13.0,1608594.0,1608594.0,0.0,22,COMERCIAL,95,5.5,1.0,315.0
Soluciones Laborales Horizonte S.A.S,900392658-1,2025-02-27,95.0,17.0,184627.0,66.0,68754580.0,3138652.0,19.0,13,SERVICIOS,289,31.717241379310344,1.0,301.0
Corporacion Educativa Colombo Britanico,890900938-4,2024-02-28,460.0,2.0,375929.0,66.0,2311703115.0,751858.0,5.0,25,EDUCACION,845,24.75257731958763,2.0,300.0
Himed Solutions S.A.S,900150913-7,2025-05-26,7.0,8.0,395760.0,6.0,32640733.0,3166076.0,18.0,10,SERVICIOS,48,19.3768115942029,1.0,291.0
Kaeser Compresores De Colombia S.A.S.,830067414-5,2025-03-26,68.0,2.0,2949810.0,35.0,120739794.0,5899620.0,38.0,12,VARIOS,238,17.0,1.0,288.0
Vosavos Sas,900628888-4,2024-11-21,193.0,7.0,978204.0,22.0,119128458.0,6847430.0,49.0,16,INDUSTRIA,179,8.798245614035087,1.0,286.0
Agriplast S.A.S,901263353-1,2023-03-06,819.0,6.0,154363.0,5.0,90984394.0,926179.0,7.0,37,CONSTRUCCION,57,31.574204946996467,2.0,283.0
G4S Secure Solutions Colombia S.A,860013951-6,2017-12-13,2728.0,6.0,311668.0,10.0,237481713.0,1870010.0,2.0,96,SERVICIOS,2,60.5519238725693,2.0,282.0
Asesorias Y Consultorias Integrales De Proyectos S.A.S,830129869-1,2025-05-26,7.0,26.0,458944.0,35.0,225302020.0,11932536.0,80.0,9,SERVICIOS,230,42.608374384236456,3.0,265.0
C & C Services Sas,900008653-0,2025-04-11,52.0,233.0,378596.0,64.0,1257969771.0,88212880.0,500.0,13,SERVICIOS,1300,26.22043519394513,4.0,256.0
Consorcio Santo Tomas Am&Cia,901348817-3,2021-10-08,1333.0,4.0,435001.0,8.0,76823811.0,1740002.0,0.0,51,CONSTRUCCION,76,26.448795180722893,1.0,254.0
Tis Productions Colombia S.A.S,860063869-3,2025-05-26,7.0,42.0,188236.0,34.0,4876575.0,7905909.0,41.0,9,INDUSTRIA,161,27.448979591836736,1.0,250.0
Jardin Exotics S.A.S.,900653229-6,2023-01-31,853.0,8.0,388066.0,14.0,189430174.0,3104527.0,24.0,36,ALIMENTOS,144,41.33517495395949,2.0,249.0
Distrikia S.A,890925058-6,2023-03-06,819.0,6.0,1463490.0,2.0,201680647.0,8780941.0,0.0,35,INDUSTRIA,0,48.310344827586206,2.0,242.0
Proships Sas,901386122-5,2025-04-08,55.0,9.0,294026.0,22.0,47375795.0,2646238.0,24.0,10,SERVICIOS,154,22.66379310344828,2.0,239.0
Gbt Travel Services Colombia S A S,900961218-6,2025-04-25,38.0,4.0,2330000.0,13.0,16840000.0,9320000.0,0.0,9,SERVICIOS,60,46.42857142857143,1.0,234.0
Epayco.Com S.A.S,900471052-8,2022-12-07,908.0,4.0,570529.0,16.0,112925911.0,2282116.0,15.0,38,SERVICIOS,135,29.68944099378882,1.0,226.0
Cerescos Sas,860512475-2,2024-10-08,237.0,4.0,226899.0,35.0,106949236.0,907596.0,0.0,19,VARIOS,254,49.52577319587629,2.0,223.0
Posicion Digital S.A.S Y Tambien Girar Como Chef Smart Marketing Mix Isobar Colombia,900346202-1,2023-10-24,587.0,10.0,468295.0,4.0,73483557.0,4682951.0,0.0,26,SERVICIOS,110,35.30927835051546,1.0,223.0
361º Logistica P.O.P. Colombia S.A.S.,901329418-7,2025-02-17,105.0,7.0,1411346.0,95.0,236773394.0,9879422.0,70.0,13,SERVICIOS,200,46.61660079051384,3.0,221.0
Hl Infraestructura Sas,900839160-7,2025-05-26,7.0,19.0,802056.0,9.0,112172023.0,15239055.0,88.0,8,CONSTRUCCION,357,26.597826086956523,1.0,215.0
Senco Colombiana S.A.S,890926628-9,2023-05-26,738.0,7.0,830029.0,8.0,422676850.0,5810205.0,35.0,31,CONSTRUCCION,185,54.20502092050209,2.0,204.0
Un Solo Proveedor Zf S.A.S.,901401420-1,2025-05-28,5.0,7.0,228425.0,1.0,11957491.0,1598974.0,14.0,7,INDUSTRIA,294,49.297872340425535,1.0,204.0
Montagas S A Empresa De Servicios Publicos Domiciliarios Montagas S A E S,891202203-9,2024-02-15,473.0,3.0,2731727.0,14.0,483588961.0,8195182.0,63.0,22,SERVICIOS,63,29.662251655629134,1.0,203.0
Triario Sas,900405046-2,2025-05-15,18.0,39.0,151133.0,69.0,180347704.0,5894193.0,39.0,8,SERVICIOS,119,39.34135667396061,3.0,203.0
Autolarte S.A.S,890900081-8,2024-11-26,188.0,2.0,374501.0,9.0,4054222.0,749002.0,0.0,13,INDUSTRIA,60,33.6,1.0,202.0
Ecohl Sas,901211473-4,2025-05-02,31.0,9.0,265983.0,2.0,21353152.0,2393849.0,18.0,8,CONSTRUCCION,103,27.83739837398374,1.0,191.0
C.I. Confecciones Industriales Para Exportacion S.A,800219510-9,2024-05-09,389.0,25.0,177374.0,15.0,5073360.0,4434361.0,0.0,19,TEXTIL,55,8.254237288135593,1.0,174.0
Shofi S.A.S,901071882-1,2024-11-15,199.0,23.0,205232.0,14.0,61128470.0,4720327.0,27.0,12,SERVICIOS,47,36.14119922630561,1.0,169.0
Urbanizadora Teruel S.A.S.,800243310-3,2018-10-05,2432.0,4.0,195458.0,4.0,82479289.0,781833.0,0.0,86,CONSTRUCCION,62,30.66146993318485,3.0,163.0
Sosteli Pharma S.A.S,901336025-5,2023-11-17,563.0,6.0,461780.0,7.0,70006735.0,2770682.0,12.0,24,INDUSTRIA,25,41.15853658536585,3.0,161.0
Fruty Green Packing S.A.S.,901324644-2,2025-05-12,21.0,6.0,359126.0,9.0,8378416.0,2154757.0,13.0,6,COMERCIAL,63,28.977777777777774,3.0,160.0
Consorcio Redes Nippon Koei - Aim,901784522-5,2025-05-15,18.0,3.0,881667.0,2.0,43821836.0,2645000.0,23.0,5,CONSTRUCCION,33,40.91304347826087,2.0,133.0
Un Solo Proveedor S.A.S.,811032854-2,2025-03-11,83.0,5.0,357000.0,11.0,15505470.0,1785000.0,16.0,6,INDUSTRIA,146,51.08108108108108,1.0,131.0
Pasar Express Sas,800210556-6,2025-05-16,17.0,17.0,1026167.0,43.0,180741891.0,17444845.0,84.0,10,SERVICIOS,169,35.397260273972606,3.0,129.0
Familia Del Pacifico S.A.S,817000680-2,2022-05-09,1120.0,3.0,704199.0,1.0,67142828.0,2112597.0,0.0,42,INDUSTRIA,0,67.7741935483871,2.0,128.0
Maxicassa S.A.S.,832004104-4,2025-03-17,77.0,6.0,731429.0,10.0,25310959.0,4388576.0,35.0,6,CONSTRUCCION,210,21.15,1.0,104.0
All In Cargo S.A.S,900292053-7,2022-11-29,916.0,2.0,135000.0,0.0,9414000.0,270000.0,2.0,34,SERVICIOS,0,30.585714285714285,1.0,99.0
Paulandia S A S,900316481-1,2025-04-23,40.0,4.0,220187.0,23.0,4653940.0,880747.0,7.0,5,INDUSTRIA,67,25.928571428571427,1.0,99.0
Autofinanciera Colombia S A Sociedad Administradora De Planes De Autofinanciamiento Comercial,860030412-1,2025-04-21,42.0,14.0,328512.0,10.0,13842880.0,4599174.0,21.0,4,FINANCIERO,171,38.12903225806452,2.0,84.0
Grm Colombia,800233801-5,2023-12-07,543.0,12.0,28215947.0,15.0,149080908.0,338591361.0,0.0,20,SERVICIOS,240,111.3679525222552,1.0,78.0
Fundacion Universitaria Bellas Artes,900126062-3,2022-03-15,1175.0,3.0,6021663.0,12.0,1064586367.0,18064988.0,66.0,41,EDUCACION,206,46.72316384180791,1.0,75.0
Corporacion Universitaria Americana,900114439-4,2022-08-08,1029.0,3.0,4743541.0,16.0,1847515986.0,14230622.0,66.0,122,EDUCACION,516,82.39800995024876,3.0,74.0
Recuperar S.A.S,900442201-5,2024-03-14,445.0,2.0,149250.0,12.0,20479595.0,298500.0,2.0,17,INDUSTRIA,92,82.64583333333333,1.0,72.0
Bella Piel S A S,830137461-2,2025-05-21,12.0,8.0,1002396.0,20.0,10027555.0,8019171.0,63.0,3,INDUSTRIA,62,38.61538461538461,2.0,68.0
El Llano Dc S.A.S. Zomac,901680258-8,2025-05-19,14.0,2.0,267644.0,5.0,1092249.0,535288.0,4.0,3,ALIMENTOS,59,35.25,1.0,68.0
Vip2R Sas,900693932-7,2022-08-13,1024.0,2.0,312832.0,4.0,40763936.0,625664.0,0.0,36,ALIMENTOS,0,22.375,2.0,68.0
Meals Mercadeo De Alimentos De Colombia S.A.S,860008448-2,2024-12-31,153.0,5.0,817000.0,2.0,26410004.0,4085001.0,7.0,7,ALIMENTOS,2007,44.20512820512821,1.0,62.0
Globantek S.A.S.,901819305-6,2025-02-11,111.0,2.0,1588936.0,4.0,13706268.0,3177872.0,0.0,5,SERVICIOS,0,27.7,1.0,57.0
Abaco Colombia Ajustadores Internacionales S.A.S.,900546125-0,2025-04-07,56.0,5.0,889614.0,12.0,24301141.0,4448069.0,30.0,4,SERVICIOS,30,33.291666666666664,1.0,56.0
Aym Consultoria Sas,901410673-4,2025-01-07,146.0,2.0,824614.0,2.0,16354111.0,1649228.0,13.0,7,CONSTRUCCION,43,44.81818181818182,1.0,49.0
Poblautos Security Ltda,901194858-2,2022-09-22,984.0,2.0,181277.0,1.0,15802133.0,362554.0,3.0,34,INDUSTRIA,0,47.04511278195488,1.0,41.0
Logistic Freight Solutions S.A.S.,900213423-1,2025-01-14,139.0,3.0,4884455.0,9.0,173601510.0,14653365.0,101.0,73,INDUSTRIA,271,26.30952380952381,2.0,40.0
Moda & Alta Costura S.A.S.,900462946-9,2024-05-23,375.0,2.0,139042.0,3.0,6043470.0,278083.0,2.0,14,COMERCIAL,37,60.30434782608695,1.0,38.0
Parchita Paciflora S.A.S.,900245841-4,2022-03-28,1162.0,2.0,523472.0,8.0,49734697.0,1046943.0,0.0,40,INDUSTRIA,20,13.5,1.0,38.0
Anava Logistics S.A.S.,900848236-6,2025-05-16,17.0,4.0,401733.0,6.0,2344193.0,1606933.0,14.0,2,SERVICIOS,914,21.7,1.0,36.0
99 Franquicias Sas,901778113-1,2022-05-27,1102.0,2.0,445786.0,1.0,7488155.0,891571.0,3.0,7,ALIMENTOS,4,102.05555555555556,1.0,35.0
Gestion Cargo Zona Franca S.A.S.,900258110-5,2025-03-27,67.0,2.0,968257.0,1.0,3718457.0,1936513.0,16.0,4,VARIOS,516,63.2,1.0,31.0
Soluciones En Integridad Y Cumplimiento Ltda,830076042-7,2025-05-27,6.0,3.0,164033.0,4.0,119127.0,492100.0,1.0,1,SERVICIOS,191,31.0,1.0,31.0
Servisoft S.A,800240660-2,2019-04-10,2245.0,2.0,400000.0,7.0,30016088.0,800000.0,0.0,75,SERVICIOS,40,53.05,2.0,30.0
Kyrovet Laboratories S.A,800193165-6,2024-12-10,174.0,4.0,527706.0,10.0,31399037.0,2110825.0,10.0,7,INDUSTRIA,120,51.65,1.0,28.0
Pagto S.A.S.,900565637-0,2024-05-02,396.0,2.0,366726.0,4.0,15402492.0,733452.0,0.0,13,ALIMENTOS,8,48.6,2.0,27.0
Morenos S.A.S,860075498-6,2024-12-06,178.0,3.0,183443.0,9.0,3934452.0,550328.0,2.0,7,ALIMENTOS,92,50.15,1.0,23.0
Corporacion Del Lago S.A.S.,901565909-2,2024-08-23,283.0,3.0,426334.0,0.0,19367591.0,1279003.0,3.0,10,ALIMENTOS,0,58.340425531914896,1.0,22.0
Greenlime S.A.S,901720469-8,2025-03-14,80.0,2.0,291405.0,1.0,1604849.0,582810.0,3.0,4,SERVICIOS,3,45.625,1.0,22.0
Nueva Alejandria S.A.S,900620792-1,2022-05-31,1098.0,5.0,350372.0,6.0,140066360.0,1751860.0,6.0,38,ALIMENTOS,6,54.10526315789474,1.0,20.0
Ivan Dario Galvis Velasquez,3350163-4,2020-02-25,1924.0,2.0,385666.0,0.0,132957903.0,771332.0,5.0,125,COMERCIAL,10,90.4019520851819,3.0,19.0
Teleperformance Colombia S.A.S.,900323853-7,2020-12-10,1635.0,3.0,5329333.0,20.0,661509269.0,15988000.0,0.0,54,SERVICIOS,1500,48.313817330210775,1.0,16.0
L&D Velezz Sas,901562924-1,2024-11-15,199.0,2.0,536250.0,1.0,1072500.0,1072500.0,0.0,7,INDUSTRIA,8,8.0,1.0,14.0
Agencia Digital Creativa Y De Comunicaciones Sas,900940281-0,2024-08-05,301.0,3.0,186097.0,5.0,1336370.0,558290.0,0.0,10,SERVICIOS,120,23.571428571428573,1.0,10.0
Operadora Avicola Colombia S.A.S.,891401858-6,2024-05-28,370.0,2.0,3512565.0,2.0,64670751.0,7025129.0,0.0,15,AGRICULTOR,1000,32.975,2.0,7.0
Union De Tecnologia Electronica S.A.S,860075845-9,2021-08-27,1375.0,2.0,465000.0,20.0,342231630.0,930000.0,1.0,54,SERVICIOS,1,50.56140350877193,1.0,7.0
Comercializadora Revi S.A.S.,900650875-0,2023-08-03,669.0,2.0,229500.0,5.0,4968000.0,459000.0,0.0,22,COMERCIAL,0,66.575,1.0,6.0
Convel S.A.S,890905022-6,2025-05-19,14.0,2.0,1304433.0,8.0,1130452.0,2608865.0,18.0,1,CONSTRUCCION,117,15.666666666666666,1.0,4.0
Jfk Cooperativa Financiera,890907489-0,2024-11-23,191.0,2.0,2610001.0,8.0,15660000.0,5220001.0,0.0,6,FINANCIERO,700,30.0,1.0,3.0
G.M. Financial Colombia S.A. Compañia De Financiamiento,860029396-8,2023-11-01,579.0,2.0,337500.0,19.0,1793085031.0,675000.0,0.0,18,INDUSTRIA,350,24.80281690140845,2.0,2.0
Gyar Seguros Gerencia Y Administracion Del Riesgo Ltda,900299755-0,2023-04-14,780.0,2.0,271829.0,6.0,19907097.0,543657.0,2.0,26,SERVICIOS,62,26.4,1.0,2.0
Fondo De Empleados De Gases Industriales De Colombia,900531708-9,2022-05-06,1123.0,2.0,135000.0,5.0,12096000.0,270000.0,2.0,37,SERVICIOS,103,13.684782608695652,1.0,1.0
Tig Services S.A.S,900941470-0,2022-05-18,1111.0,2.0,677150.0,1.0,49310722.0,1354300.0,6.0,37,SERVICIOS,6,89.88095238095238,1.0,1.0
Aburra Sas,811010574-0,2018-05-15,2575.0,1.0,120000.0,21.0,54194642.0,120000.0,0.0,119,ALIMENTOS,85,28.489864864864863,3.0,0.0
Aim Engineering S.A.S,901617533-1,2024-11-26,188.0,1.0,844228.0,1.0,8495552.0,844228.0,6.0,6,CONSTRUCCION,56,48.5,1.0,0.0
Alimentos Carnicos S.A.S,890304130-4,2024-10-07,238.0,3.0,2248334.0,1.0,55575000.0,6745001.0,0.0,8,ALIMENTOS,700,40.333333333333336,1.0,0.0
Amtex S.A.,890904138-7,2021-05-24,1470.0,1.0,150000.0,10.0,94804020.0,150000.0,0.0,108,INDUSTRIA,144,44.55223880597015,1.0,0.0
Applus Norcontrol Colombia Limitada,830513773-8,2024-02-15,473.0,1.0,1460305.0,34.0,54031286.0,1460305.0,2.0,16,INDUSTRIA,102,42.26315789473684,1.0,0.0
Asociacion Profesional Ieee Colombia,830111346-0,2025-03-14,80.0,1.0,1330000.0,1.0,1330000.0,1330000.0,0.0,3,EDUCACION,0,0.0,1.0,0.0
Avanti & Progreso S.A.S.,900843962-2,2022-04-11,1148.0,1.0,306631.0,0.0,14682526.0,306631.0,1.0,38,ALIMENTOS,0,29.75,1.0,0.0
Camara De Comercio De Manizales Por Caldas,890801042-6,2024-06-28,339.0,1.0,5666810.0,30.0,130698338.0,5666810.0,32.0,11,SERVICIOS,32,36.7710843373494,1.0,0.0
Carnes Casablanca S.A,800198020-1,2016-08-01,3227.0,1.0,1104097.0,28.0,644413392.0,1104097.0,0.0,106,ALIMENTOS,143,31.90566037735849,3.0,0.0
Cartonera Nacional S.A.,817006230-9,2025-05-01,32.0,2.0,560761.0,15.0,2205660.0,1121522.0,5.0,2,INDUSTRIA,225,14.166666666666666,1.0,0.0
Centro Comercial Premium Plaza P.H.,900190544-3,2015-03-17,3730.0,1.0,150000.0,18.0,252196292.0,150000.0,0.0,123,VARIOS,100,36.95918367346939,3.0,0.0
Cipreses De Colombia S.A,890903541-8,2017-08-17,2846.0,1.0,277805.0,0.0,58077794.0,277805.0,0.0,94,INDUSTRIA,0,29.83084577114428,2.0,0.0
Clinica De Otorrinolangologia De Antioquia Sa Orlans,800024834-1,2020-04-30,1859.0,1.0,600378.0,1.0,59695110.0,600378.0,0.0,61,SALUD,57,52.04950495049505,1.0,0.0
Comercializadora Internacional El Globo S.As. En Reorganizacion,800227956-3,2020-01-10,1970.0,1.0,139000.0,10.0,151388943.0,139000.0,1.0,87,COMERCIAL,101,31.91561181434599,3.0,0.0
Comunite Global Sas,901930823-3,2025-05-01,32.0,1.0,2983557.0,1.0,2888676.0,2983557.0,32.0,1,SERVICIOS,0,28.0,1.0,0.0
Consorcio 5 Estrellas,901635125-6,2024-12-23,161.0,1.0,153557.0,0.0,1195854.0,153557.0,1.0,6,CONSTRUCCION,21,46.5625,1.0,0.0
Consorcio Aim - Interve 012,901916552-4,2025-03-26,68.0,1.0,1150000.0,0.0,2300000.0,1150000.0,10.0,2,CONSTRUCCION,25,46.5,1.0,0.0
Consorcio Morales Aip,901802442-2,2024-11-26,188.0,1.0,115000.0,0.0,1495000.0,115000.0,1.0,6,CONSTRUCCION,21,49.0,1.0,0.0
Constructora Capital Medellin S.A.S.,811032292-3,2025-04-24,39.0,1.0,1570000.0,17.0,455294465.0,1570000.0,10.0,9,CONSTRUCCION,350,29.448,2.0,0.0
Constructora Melendez S.A.,890302629-8,2024-04-19,409.0,1.0,611321.0,20.0,19426781.0,611321.0,0.0,15,CONSTRUCCION,400,31.42056074766355,2.0,0.0
Corporacion Para La Educacion Cope,811007767-4,2023-10-09,602.0,1.0,195000.0,48.0,320769725.0,195000.0,0.0,44,EDUCACION,110,44.50980392156863,3.0,0.0
Corporacion Universitaria Rafael Nuñez,890481276-8,2025-04-01,62.0,1.0,5608847.0,13.0,11252741.0,5608847.0,38.0,2,FINANCIERO,288,26.0,1.0,0.0
Corteaceros S.A.,800134371-5,2023-11-28,552.0,1.0,822325.0,14.0,37004625.0,822325.0,7.0,18,INDUSTRIA,137,35.333333333333336,1.0,0.0
Cummins De Los Andes S.A,800071617-1,2024-10-28,217.0,1.0,127001.0,2.0,1651000.0,127001.0,2.0,7,COMERCIAL,362,74.53846153846153,1.0,0.0
Del Toro & Rendon S.A.S,900754199-7,2022-06-17,1081.0,1.0,260000.0,0.0,10512000.0,260000.0,1.0,36,ALIMENTOS,0,25.07317073170732,1.0,0.0
Diseño Mlg S.A.S,900525304-2,2018-11-21,2385.0,1.0,80000.0,12.0,28388130.0,80000.0,0.0,79,TEXTIL,30,20.11111111111111,2.0,0.0
Dynamic Modular System Dms S.A.,800146041-1,2024-04-26,402.0,1.0,150000.0,13.0,147217753.0,150000.0,0.0,12,SERVICIOS,90,63.25,2.0,0.0
Empresa Social Del Estado Hospital Carisma,890985405-5,2025-05-22,11.0,1.0,3724000.0,5.0,5154034.0,3724000.0,26.0,1,SALUD,86,11.0,2.0,0.0
Espumados S. A.,860036649-5,2024-10-08,237.0,1.0,445894.0,18.0,6530600.0,445894.0,1.0,9,INDUSTRIA,401,105.52941176470588,2.0,0.0
Extiblu Sociedad Por Acciones Simplificada,900198369-7,2022-10-18,958.0,1.0,320592.0,3.0,27637829.0,320592.0,2.0,32,INDUSTRIA,112,32.73831775700935,1.0,0.0
Fest Event Lab Sas,901173364-6,2024-11-29,185.0,1.0,341250.0,0.0,731033.0,341250.0,0.0,6,SERVICIOS,0,32.333333333333336,1.0,0.0
Filam S.A.S,890900051-7,2021-10-01,1340.0,1.0,269173.0,1.0,20860895.0,269173.0,3.0,44,SERVICIOS,6,26.10606060606061,1.0,0.0
"Fonbienes, Colombia, S.A.Sociedad Administradora De Planes De Autofinanciamiento Comercial",800026696-0,2025-02-26,96.0,1.0,1850423.0,6.0,6730269.0,1850423.0,14.0,6,FINANCIERO,164,34.11764705882353,2.0,0.0
Geison Alexander Ospina Velez,1037576911-2,2024-12-04,180.0,1.0,375000.0,0.0,375000.0,375000.0,0.0,6,VARIOS,5,0.0,1.0,0.0
Genetica Bios S.A.S,800204226-6,2023-06-26,707.0,1.0,750003.0,4.0,35485179.0,750003.0,0.0,23,AGRICULTOR,1000,29.140350877192983,2.0,0.0
Gestion Y Desarrollo Ambiental S.A.S,900188051-8,2019-11-08,2033.0,1.0,94122.0,2.0,39024245.0,94122.0,0.0,67,VARIOS,20,41.05813953488372,1.0,0.0
Gourmet Family Regalos Sas,901253897-3,2024-11-08,206.0,1.0,125510.0,4.0,661017.0,125510.0,0.0,7,COMERCIAL,15,26.90909090909091,1.0,0.0
Grupo Alimentos Frescos S A S,900955305-4,2022-03-30,1160.0,1.0,364125.0,0.0,15676519.0,364125.0,1.0,38,ALIMENTOS,0,53.261538461538464,1.0,0.0
Grupo Empresarial Dup S.A.S,900339142-9,2022-04-08,1151.0,1.0,2759681.0,0.0,139701174.0,2759681.0,8.0,38,SERVICIOS,8,52.255319148936174,1.0,0.0
Hope Tech S.A.S.,901350208-4,2023-09-05,636.0,1.0,293397.0,4.0,8140684.0,293397.0,1.0,21,SERVICIOS,16,99.640625,2.0,0.0
Impresos El Dia Sas,811003895-0,2020-09-25,1711.0,1.0,382404.0,19.0,170955111.0,382404.0,0.0,59,SERVICIOS,80,26.22608695652174,3.0,0.0
Industrias Metalicas Sudamericanas S.A.S Imsa-Colson,890900145-0,2020-08-12,1755.0,1.0,367800.0,3.0,27465000.0,367800.0,2.0,58,INDUSTRIA,27,66.0,1.0,0.0
Indutronica Del Caribe S.A.S.,802001831-8,2021-12-06,1274.0,1.0,70000.0,2.0,6663849.0,70000.0,0.0,42,SERVICIOS,0,78.09375,1.0,0.0
Ins Group S.A.S,900668066-8,2022-05-04,1125.0,1.0,1456498.0,2.0,105721333.0,1456498.0,4.0,37,ALIMENTOS,104,54.6578947368421,1.0,0.0
Inversiones Alcabama S.A.,800208146-3,2024-08-28,278.0,1.0,1416071.0,16.0,18809949.0,1416071.0,0.0,10,CONSTRUCCION,85,50.0,3.0,0.0
Inversiones Crd Poblado S.A.S,900523157-7,2022-04-08,1151.0,1.0,1724801.0,7.0,85396790.0,1724801.0,5.0,38,ALIMENTOS,5,46.91304347826087,1.0,0.0
Inversiones Eliseo Perez Mesa S.A.S.,901232925-1,2024-11-30,184.0,1.0,204071.0,0.0,816284.0,204071.0,1.0,3,INDUSTRIA,2,15.25,1.0,0.0
Inversiones Granco La 22 S.A.S,901553296-4,2024-02-13,475.0,1.0,465154.0,1.0,9365103.0,465154.0,2.0,16,ALIMENTOS,2,89.79069767441861,1.0,0.0
Inversiones Granco Olas S.A.S,901552795-3,2024-08-14,292.0,1.0,465154.0,0.0,0.0,465154.0,0.0,10,ALIMENTOS,6,30.5,1.0,0.0
Inversiones Granco Palmas S.A.S,901553309-1,2024-08-16,290.0,1.0,465154.0,0.0,0.0,465154.0,0.0,10,ALIMENTOS,5,31.1,1.0,0.0
Inversiones Rcp S.A.S,900659583-6,2024-02-28,460.0,1.0,1382222.0,5.0,62196251.0,1382222.0,3.0,19,ALIMENTOS,0,52.11538461538461,2.0,0.0
Inversiones Sub 3 Sas,901279933-3,2022-03-28,1162.0,6.0,280843.0,0.0,90993240.0,1685060.0,6.0,38,ALIMENTOS,46,61.7037037037037,1.0,0.0
Its Infocomunicacion S A S,900211457-2,2024-05-07,391.0,1.0,793668.0,5.0,7111836.0,793668.0,0.0,13,SERVICIOS,150,52.66666666666666,1.0,0.0
Komatsu Colombia S.A.S,830060331-0,2024-10-26,219.0,2.0,622954.0,23.0,24918160.0,1245908.0,3.0,7,INDUSTRIA,243,38.2,1.0,0.0
Llano Del Sol S.A.S.,901192248-0,2024-09-24,251.0,1.0,87750.0,0.0,175500.0,87750.0,0.0,9,CONSTRUCCION,15,17.0,1.0,0.0
M.A.D. Ingenieros S.A.S.,830046323-3,2024-10-28,217.0,1.0,365000.0,4.0,3285000.0,365000.0,0.0,7,CONSTRUCCION,90,17.22222222222222,1.0,0.0
Megasubs S A S,900635400-3,2022-03-28,1162.0,3.0,383289.0,1.0,50548210.0,1149867.0,2.0,38,ALIMENTOS,12,101.26168224299066,2.0,0.0
Metrosub S.A.S.,900993078-9,2022-05-27,1102.0,1.0,297190.0,2.0,19187750.0,297190.0,1.0,20,ALIMENTOS,9,61.36363636363637,2.0,0.0
Microplast Antonio Palacio & Compañia S.A.S.,890900424-0,2022-03-11,1179.0,1.0,1800000.0,12.0,40657827.0,1800000.0,0.0,39,INDUSTRIA,60,40.283018867924525,2.0,0.0
Nearsol Colombia S.A.S,901196266-1,2023-09-26,615.0,1.0,4400002.0,13.0,35099476.0,4400002.0,0.0,20,SERVICIOS,439,40.0,1.0,0.0
Ogm Colombia S.A.S,900072155-6,2025-03-17,77.0,1.0,293668.0,11.0,25140070.0,293668.0,0.0,3,SERVICIOS,155,34.714285714285715,2.0,0.0
Orden Religiosa De Las Escuelas Pias O Escolapios,860014710-2,2024-08-22,284.0,1.0,2520000.0,12.0,91958590.0,2520000.0,0.0,53,EDUCACION,90,3.7777777777777777,2.0,0.0
Pastas Comarrico Sas,830511795-0,2024-12-12,172.0,1.0,634200.0,0.0,2536800.0,634200.0,0.0,6,ALIMENTOS,0,37.0,1.0,0.0
Plasticos Linea Hogar S.A.S,900080034-7,2022-05-01,1128.0,1.0,92457.0,3.0,9862384.0,92457.0,1.0,37,INDUSTRIA,2,33.03030303030303,2.0,0.0
Productora De Alimentos Concentrados Para Animales Contegral Sas,890901271-5,2024-05-27,371.0,1.0,3474738.0,6.0,85052736.0,3474738.0,0.0,18,INDUSTRIA,1000,35.0,2.0,0.0
Promotora Bellatrix Sas,900434057-7,2022-04-08,1151.0,1.0,750797.0,1.0,125771939.0,750797.0,3.0,38,ALIMENTOS,153,33.94059405940594,2.0,0.0
Representaciones Y Distribuciones Hospitalarias S.A.S,811028445-8,2022-11-01,944.0,1.0,178000.0,5.0,436916240.0,178000.0,0.0,125,COMERCIAL,50,37.82899628252788,3.0,0.0
Rodina Sub Sas,900816349-2,2022-03-28,1162.0,2.0,364125.0,3.0,51172443.0,728250.0,1.0,38,ALIMENTOS,2,49.40983606557377,1.0,0.0
Rtd S.A.S.,900599145-5,2024-11-26,188.0,1.0,147906.0,8.0,374694.0,147906.0,0.0,6,INDUSTRIA,105,50.375,1.0,0.0
Saha Inversiones Sas,901277610-0,2022-04-19,1140.0,1.0,364125.0,1.0,15816988.0,364125.0,1.0,38,ALIMENTOS,1,73.11363636363636,1.0,0.0
Stf Group S.A.,805003626-4,2025-03-13,81.0,1.0,390310.0,13.0,1170930.0,390310.0,1.0,2,VARIOS,181,15.555555555555555,1.0,0.0
Subvalle S.A.S,900478797-8,2022-04-14,1145.0,1.0,750797.0,10.0,173614843.0,750797.0,3.0,38,ALIMENTOS,133,25.36111111111111,2.0,0.0
Talento Solido S.A.S,900246638-1,2024-12-23,161.0,1.0,240297.0,2.0,1257554.0,240297.0,1.0,6,SERVICIOS,71,72.16666666666667,1.0,0.0
Termotasajero S.A. Esp,900161460-1,2025-03-07,87.0,1.0,528000.0,25.0,1530370208.0,528000.0,3.0,12,INDUSTRIA,153,23.285714285714285,2.0,0.0
Vision Y Marketing S.A.S.,800144934-4,2025-01-17,136.0,1.0,1580805.0,14.0,69036999.0,1580805.0,11.0,6,SERVICIOS,161,39.625,2.0,0.0
Ykk Colombia Sas,811017434-1,2023-05-02,762.0,1.0,385322.0,3.0,9786759.0,385322.0,0.0,25,INDUSTRIA,0,20.84210526315789,2.0,0.0
